{
  "success_rate": 0.816,
  "avg_recall": 0.6540140533929315,
  "avg_precision": 0.6588615434648126,
  "avg_f1": 0.6533950271571892
}