{
  "success_rate": 0.825,
  "avg_recall": 0.6126831447620372,
  "avg_precision": 0.6127051502826065,
  "avg_f1": 0.6097006642693703
}